country_name,country_id,year,v2xpe_exlsocgr,v2xpe_exlgender,v2xpe_exlecon,v2xpe_exlpol,v2xpe_exlgeo,v2pepwrsoc,v2pepwrgen,v2pepwrort,v2pepwrses,v2pepwrgeo,v2clacjstm,v2clacjstw,v2cldmovem,v2cldmovew,v2clsocgrp,v2x_clpriv,v2csgender,v2csantimv,v2csrlgrep,v2csrlgcon,v2peedueq,v2pehealth,v2peapsecon,v2peapssoc,v2x_gender,v2x_suffr,v2fsuffrage,v2msuffrage,v2x_polyarchy,v2x_libdem,e_gdppc,e_regiongeo,e_pop,e_area,v2xpe_exlsocgr_sd,v2xpe_exlgender_sd,v2clsocgrp_sd,v2x_gender_sd
Bolivia,25,2000,0.547,0.564,0.366,0.425,0.44,0.369,0.51,-0.998,1.463,0.444,0.579,0.211,1.715,1.938,0.407,0.807,0.695,0.765,1.534,-0.3,0.59,0.249,-0.144,-0.559,0.657,1.0,100.0,100.0,0.743,0.527,8.354,18,888.401,1090253.526,0.36,0.371,0.305,0.068
Bolivia,25,2001,0.529,0.564,0.366,0.425,0.44,0.672,0.51,-0.998,1.463,0.444,0.579,0.211,1.715,1.938,0.407,0.807,0.695,0.765,1.534,-0.3,0.59,0.249,-0.144,-0.559,0.657,1.0,100.0,100.0,0.737,0.52,8.403,18,906.363,1090253.526,0.356,0.371,0.305,0.068
Bolivia,25,2002,0.515,0.55,0.349,0.425,0.44,0.672,0.51,-0.998,1.463,0.444,0.579,0.211,1.715,1.938,0.407,0.807,0.695,2.087,1.534,-0.3,-0.68,0.249,-0.144,-0.482,0.692,1.0,100.0,100.0,0.719,0.51,8.471,18,923.244,1090253.526,0.357,0.371,0.305,0.068
Bolivia,25,2003,0.515,0.55,0.349,0.425,0.44,0.672,0.51,-0.998,1.463,0.444,0.579,0.211,1.715,1.938,0.407,0.807,0.695,2.477,1.534,-0.3,-0.68,0.249,-0.144,-0.482,0.692,1.0,100.0,100.0,0.719,0.515,8.586,18,940.516,1090253.526,0.357,0.371,0.305,0.068
Bolivia,25,2004,0.515,0.548,0.349,0.402,0.44,0.672,0.51,-0.998,1.463,0.444,0.579,0.211,1.715,1.938,0.407,0.807,0.695,2.477,1.534,-0.3,-0.68,0.249,-0.144,-0.482,0.692,1.0,100.0,100.0,0.753,0.541,8.774,18,958.401,1090253.526,0.357,0.372,0.305,0.068
Bolivia,25,2005,0.456,0.509,0.322,0.407,0.423,0.652,0.51,-0.127,1.543,0.58,0.579,0.174,1.715,1.938,0.407,0.777,0.695,0.892,1.534,-0.3,-0.68,-0.62,-0.345,-0.465,0.687,1.0,100.0,100.0,0.746,0.534,9.009,18,975.703,1090253.526,0.364,0.366,0.305,0.069
Bolivia,25,2006,0.293,0.397,0.205,0.415,0.221,1.07,0.763,-0.127,2.324,1.243,0.265,0.174,1.715,1.938,1.433,0.783,0.891,0.268,1.534,-0.769,-0.738,-0.62,-0.019,-0.208,0.708,1.0,100.0,100.0,0.724,0.462,9.285,18,994.132,1090253.526,0.355,0.369,0.414,0.068
Bolivia,25,2007,0.274,0.394,0.159,0.373,0.195,1.07,0.763,0.066,2.324,1.335,0.265,0.174,1.788,1.938,1.433,0.785,0.891,0.565,1.534,-0.769,-0.845,-0.62,0.492,-0.208,0.708,1.0,100.0,100.0,0.719,0.458,9.613,18,1012.673,1090253.526,0.359,0.369,0.414,0.068
Bolivia,25,2008,0.262,0.379,0.159,0.373,0.195,1.07,0.763,0.066,2.324,1.335,0.265,0.174,1.788,1.636,1.433,0.776,0.891,0.692,1.534,-0.769,-0.845,-0.62,0.492,-0.064,0.699,1.0,100.0,100.0,0.719,0.453,10.035,18,1032.047,1090253.526,0.356,0.368,0.414,0.07
Bolivia,25,2009,0.262,0.359,0.15,0.37,0.194,1.07,0.842,0.168,2.933,1.335,0.265,0.174,1.788,1.636,1.433,0.805,0.891,-0.18,2.253,-0.773,-0.845,-0.451,0.492,-0.064,0.722,1.0,100.0,100.0,0.714,0.435,10.387,18,1051.491,1090253.526,0.356,0.362,0.414,0.067
Bolivia,25,2010,0.255,0.336,0.15,0.399,0.169,0.937,0.974,0.298,2.7,1.866,0.265,0.174,1.788,1.636,1.433,0.807,0.953,-0.234,2.01,-0.7,-0.845,-0.258,0.597,0.109,0.74,1.0,100.0,100.0,0.68,0.4,10.789,18,1069.778,1090253.526,0.355,0.363,0.414,0.066
Bolivia,25,2011,0.26,0.336,0.15,0.399,0.169,0.937,0.974,0.298,2.7,1.866,0.265,0.174,1.788,1.636,1.433,0.807,0.953,-0.234,2.01,-0.7,-0.845,-0.258,0.597,0.17,0.731,1.0,100.0,100.0,0.677,0.398,11.238,18,1089.199,1090253.526,0.355,0.363,0.414,0.068
Bolivia,25,2012,0.265,0.336,0.157,0.403,0.169,0.92,0.974,0.298,2.349,1.866,0.147,0.174,1.788,1.636,1.351,0.807,0.953,-0.584,2.01,-0.7,-0.845,-0.258,0.597,0.17,0.736,1.0,100.0,100.0,0.67,0.391,11.689,18,1108.092,1090253.526,0.357,0.363,0.405,0.066
Bolivia,25,2013,0.253,0.336,0.156,0.403,0.169,0.92,0.974,0.298,2.379,1.866,0.147,0.031,1.788,1.636,1.508,0.807,0.953,-0.584,2.01,-0.7,-0.864,-0.258,0.597,0.17,0.729,1.0,100.0,100.0,0.658,0.396,12.16,18,1125.868,1090253.526,0.352,0.363,0.454,0.068
Bolivia,25,2014,0.253,0.32,0.156,0.403,0.169,0.92,1.095,0.397,2.268,1.866,0.147,0.031,1.788,1.636,1.508,0.807,0.953,-0.584,2.01,-0.7,-0.864,-0.258,0.597,0.17,0.759,1.0,100.0,100.0,0.647,0.391,12.52,18,1140.858,1090253.526,0.352,0.365,0.454,0.068
Bolivia,25,2015,0.249,0.32,0.156,0.406,0.169,0.92,1.095,0.397,2.268,1.866,0.107,0.031,1.788,1.636,1.508,0.807,0.899,-0.714,2.01,-0.972,-0.864,-0.258,0.597,0.17,0.757,1.0,100.0,100.0,0.609,0.368,12.716,18,1153.218,1090253.526,0.35,0.365,0.454,0.067
Bolivia,25,2016,0.249,0.32,0.161,0.435,0.169,0.92,1.095,0.364,1.951,1.866,0.107,0.031,1.788,1.636,1.508,0.821,1.201,-0.057,2.01,-1.197,-0.864,-0.258,0.597,0.17,0.777,1.0,100.0,100.0,0.62,0.375,13.022,18,1166.711,1090253.526,0.35,0.365,0.454,0.068
Bolivia,25,2017,0.244,0.32,0.163,0.468,0.175,1.145,1.095,0.366,1.741,1.866,0.107,0.146,1.788,1.636,1.508,0.811,1.418,-0.057,1.747,-1.197,-0.864,-0.347,0.597,0.17,0.792,1.0,100.0,100.0,0.609,0.36,13.484,18,1182.243,1090253.526,0.353,0.365,0.454,0.066
Bolivia,25,2018,0.251,0.32,0.163,0.474,0.176,1.087,1.095,0.366,1.741,1.866,0.107,0.146,1.788,1.636,1.508,0.811,1.218,0.339,1.747,-1.197,-0.864,-0.347,0.597,0.17,0.778,1.0,100.0,100.0,0.593,0.341,13.741,18,1197.642,1090253.526,0.356,0.365,0.454,0.066
Bolivia,25,2019,0.309,0.318,0.264,0.504,0.247,1.018,1.267,0.216,1.342,1.831,0.034,-0.049,0.728,0.806,0.152,0.657,1.526,1.084,0.893,-0.997,-0.864,-0.554,0.462,0.022,0.759,1.0,100.0,100.0,0.456,0.241,13.75,18,1208.564,1090253.526,0.351,0.365,0.358,0.065
Bolivia,25,2020,0.359,0.303,0.241,0.556,0.274,0.953,1.676,0.201,0.928,1.502,-0.1,-0.049,0.733,0.797,0.152,0.641,1.526,0.798,0.849,-0.875,-1.099,-0.554,0.125,0.022,0.759,1.0,100.0,100.0,0.275,0.209,,18,,,0.351,0.366,0.358,0.07
Bolivia,25,2021,0.326,0.335,0.232,0.54,0.267,0.548,1.335,0.256,1.639,1.732,0.093,0.185,2.007,2.033,1.575,0.826,1.526,0.321,1.096,-1.119,-1.099,-0.423,0.402,0.038,0.803,1.0,100.0,100.0,0.608,0.362,,18,,,0.356,0.362,0.533,0.066
Bolivia,25,2022,0.326,0.334,0.229,0.555,0.247,0.548,1.236,0.256,1.682,1.732,0.093,0.185,2.007,2.033,1.575,0.826,1.526,0.373,1.096,-1.511,-1.099,-0.244,0.402,0.038,0.811,1.0,100.0,100.0,0.587,0.338,,18,,,0.356,0.363,0.533,0.066
Bolivia,25,2023,0.326,0.334,0.229,0.612,0.247,0.548,1.236,0.625,1.682,1.732,0.093,0.185,2.007,2.033,1.575,0.831,1.526,0.316,1.096,-1.036,-0.911,-0.244,0.402,0.038,0.809,1.0,100.0,100.0,0.586,0.344,,18,,,0.356,0.363,0.533,0.067
Kosovo,43,2000,0.385,0.581,0.427,0.486,0.35,1.67,0.174,-0.23,-0.923,0.108,-0.274,-0.441,-0.432,-0.469,0.456,0.513,0.884,-2.64,1.398,0.505,1.072,0.72,0.837,0.459,0.463,1.0,0.0,0.0,0.238,0.153,8.929,3,182.147,,0.348,0.373,0.573,0.076
Kosovo,43,2001,0.385,0.581,0.427,0.486,0.35,1.67,0.174,-0.23,-0.923,0.108,-0.274,-0.441,-0.432,-0.469,0.456,0.513,0.884,-2.64,1.398,0.505,1.072,0.72,0.837,0.459,0.463,1.0,0.0,0.0,0.25,0.162,9.534,3,181.991,,0.348,0.373,0.573,0.076
Kosovo,43,2002,0.365,0.581,0.424,0.445,0.35,1.67,0.174,-0.23,-0.984,0.108,0.696,-0.424,-0.06,-1.123,1.006,0.506,0.884,-2.64,1.398,0.505,1.072,0.72,0.837,0.459,,1.0,100.0,100.0,0.493,0.346,9.972,3,181.813,,0.345,0.373,0.324,
Kosovo,43,2003,0.365,0.581,0.424,0.445,0.319,1.67,0.174,-0.23,-0.984,0.108,0.696,0.94,0.321,0.337,1.006,0.592,0.884,-2.64,1.398,0.505,1.072,0.72,0.837,0.459,,1.0,100.0,100.0,0.532,0.377,10.453,3,182.212,,0.345,0.373,0.324,
Kosovo,43,2004,0.365,0.52,0.424,0.445,0.319,1.67,0.174,-0.23,-0.984,0.108,0.696,0.94,0.321,0.708,1.006,0.613,0.884,-2.249,1.398,0.505,1.072,0.72,0.837,0.459,,1.0,100.0,100.0,0.527,0.375,10.898,3,182.258,,0.345,0.378,0.324,
Kosovo,43,2005,0.368,0.498,0.413,0.445,0.285,1.67,0.174,-0.23,-0.984,0.388,0.696,0.94,0.321,0.708,1.006,0.613,0.884,-0.301,1.398,0.505,1.072,0.72,1.025,0.602,,1.0,100.0,100.0,0.512,0.364,11.407,3,182.686,,0.349,0.375,0.324,
Kosovo,43,2006,0.368,0.498,0.413,0.406,0.285,1.67,0.174,-0.23,-0.984,0.388,0.696,0.94,0.321,0.708,1.006,0.613,0.884,-0.301,1.398,0.505,1.072,0.72,1.025,0.602,,1.0,100.0,100.0,0.512,0.364,11.962,3,183.998,,0.349,0.375,0.324,
Kosovo,43,2007,0.342,0.498,0.422,0.347,0.278,1.67,0.174,-0.23,-1.129,0.388,0.696,0.94,0.321,0.708,1.006,0.619,0.884,-0.301,1.398,0.505,1.072,0.72,1.025,0.602,,1.0,100.0,100.0,0.519,0.37,12.568,3,185.371,,0.35,0.375,0.324,
Kosovo,43,2008,0.343,0.498,0.415,0.347,0.278,1.67,0.174,-0.23,-1.23,0.388,0.696,0.94,0.281,0.665,1.041,0.608,0.884,-0.266,1.398,0.505,1.072,0.72,1.025,0.602,,1.0,100.0,100.0,0.512,0.362,13.209,3,187.052,10719.259,0.353,0.375,0.32,
Kosovo,43,2009,0.341,0.479,0.41,0.347,0.278,1.73,0.174,-0.23,-1.139,0.388,0.731,0.94,0.399,0.937,1.041,0.642,0.884,-0.33,1.459,0.505,1.072,0.72,1.025,0.602,,1.0,100.0,100.0,0.514,0.374,13.754,3,188.608,10719.259,0.35,0.373,0.32,
Kosovo,43,2010,0.3,0.468,0.416,0.334,0.278,1.78,0.147,-0.23,-1.116,0.388,0.731,0.94,0.399,0.937,1.041,0.665,0.884,-0.385,1.752,0.621,1.072,0.695,1.025,0.602,,1.0,100.0,100.0,0.533,0.386,14.214,3,190.071,10719.259,0.346,0.375,0.32,
Kosovo,43,2011,0.3,0.439,0.416,0.31,0.278,1.78,0.295,-0.23,-1.116,0.388,0.731,0.94,0.473,0.937,1.041,0.68,0.884,-0.604,1.859,0.463,1.072,0.695,1.025,0.602,,1.0,100.0,100.0,0.504,0.373,14.661,3,191.255,10719.259,0.346,0.375,0.32,
Kosovo,43,2012,0.3,0.424,0.416,0.31,0.278,1.78,0.295,-0.23,-1.116,0.388,0.731,0.94,0.473,0.937,1.041,0.68,0.884,-0.604,1.859,0.463,1.072,0.695,1.025,0.602,,1.0,100.0,100.0,0.507,0.376,15.056,3,192.423,10719.259,0.346,0.372,0.32,
Kosovo,43,2013,0.311,0.445,0.412,0.31,0.278,1.78,-0.248,-0.23,-1.116,0.388,0.731,0.831,0.629,0.917,1.209,0.689,0.879,-0.767,1.859,-0.268,1.072,0.577,1.025,0.602,0.701,1.0,100.0,100.0,0.519,0.364,15.459,3,192.675,10719.259,0.348,0.373,0.382,0.068
Kosovo,43,2014,0.311,0.395,0.412,0.31,0.278,1.78,-0.248,0.262,-1.116,0.388,0.731,0.831,0.629,0.917,1.209,0.669,0.879,-0.623,1.411,-0.268,1.072,0.577,1.025,0.602,0.696,1.0,100.0,100.0,0.593,0.414,15.832,3,192.177,10719.259,0.348,0.371,0.382,0.068
Kosovo,43,2015,0.311,0.395,0.412,0.31,0.278,1.78,-0.248,0.262,-1.116,0.388,0.731,0.831,0.629,0.917,1.209,0.669,0.879,-0.623,1.256,-0.268,1.072,0.577,1.025,0.602,0.69,1.0,100.0,100.0,0.651,0.45,16.164,3,190.656,10719.259,0.348,0.371,0.382,0.067
Kosovo,43,2016,0.317,0.372,0.412,0.31,0.278,1.78,0.005,0.262,-1.116,0.566,0.731,0.796,0.629,0.917,0.842,0.664,1.074,-1.054,1.462,-0.415,1.379,0.565,1.025,0.602,,1.0,100.0,100.0,0.653,0.454,16.659,3,189.917,10719.259,0.353,0.372,0.314,
Kosovo,43,2017,0.32,0.334,0.412,0.31,0.278,1.768,0.427,0.262,-1.116,0.566,0.731,0.796,0.629,0.917,0.842,0.659,1.194,-0.773,1.462,-0.07,1.268,0.826,1.025,0.602,0.674,1.0,100.0,100.0,0.574,0.399,17.093,3,189.914,10719.259,0.353,0.37,0.314,0.067
Kosovo,43,2018,0.32,0.334,0.4,0.31,0.278,1.768,0.427,0.534,-1.116,0.566,0.731,0.847,0.629,0.917,0.842,0.678,1.138,-0.681,1.728,-0.07,1.422,0.826,1.025,0.602,0.74,1.0,100.0,100.0,0.662,0.47,17.508,3,189.816,10719.259,0.353,0.37,0.314,0.068
Kosovo,43,2019,0.334,0.343,0.37,0.29,0.282,1.768,0.427,0.534,-1.116,0.278,0.731,0.847,0.629,0.917,0.842,0.69,1.138,-0.848,1.842,0.271,1.422,0.798,1.025,0.602,0.749,1.0,100.0,100.0,0.677,0.497,17.835,3,189.69,10719.259,0.349,0.371,0.314,0.068
Kosovo,43,2020,0.353,0.373,0.318,0.223,0.264,1.768,0.518,0.301,-0.735,0.37,0.731,0.847,0.629,0.917,0.244,0.697,1.094,-0.96,1.548,0.262,1.806,0.691,1.025,0.767,0.748,1.0,100.0,100.0,0.67,0.493,,3,,,0.35,0.374,0.262,0.065
Kosovo,43,2021,0.273,0.32,0.294,0.21,0.241,1.768,0.518,-0.102,-0.559,0.37,0.731,0.847,0.629,0.917,0.244,0.71,1.094,-0.918,1.548,0.511,1.806,0.691,1.025,1.115,0.755,1.0,100.0,100.0,0.674,0.494,,3,,,0.35,0.37,0.262,0.068
Kosovo,43,2022,0.276,0.366,0.294,0.21,0.241,1.768,0.423,-0.051,-0.559,0.37,0.731,0.847,0.579,0.917,0.244,0.704,1.202,-0.918,1.548,0.249,1.806,0.801,1.025,1.115,0.76,1.0,100.0,100.0,0.676,0.508,,3,,,0.351,0.375,0.262,0.065
Kosovo,43,2023,0.272,0.383,0.311,0.203,0.244,1.768,0.173,-0.051,-0.514,0.37,0.731,0.847,0.579,0.917,0.244,0.704,1.202,-0.918,1.548,0.353,1.806,0.801,0.933,1.115,0.748,1.0,100.0,100.0,0.676,0.494,,3,,,0.35,0.373,0.262,0.066
